<keymap version="1" name="macOS copy" parent="Mac OS X 10.5+">
  <action id="$LRU">
    <keyboard-shortcut first-keystroke="shift alt 5" />
  </action>
  <action id="Annotate">
    <keyboard-shortcut first-keystroke="shift meta w" />
  </action>
  <action id="CloseProject">
    <keyboard-shortcut first-keystroke="alt q" />
  </action>
  <action id="CompileDirty">
    <keyboard-shortcut first-keystroke="meta f9" />
    <keyboard-shortcut first-keystroke="shift meta s" />
  </action>
  <action id="Editor LRU">
    <keyboard-shortcut first-keystroke="shift alt 5" />
  </action>
  <action id="EditorDeleteLine">
    <keyboard-shortcut first-keystroke="meta back_space" />
    <keyboard-shortcut first-keystroke="ctrl y" />
  </action>
  <action id="EvaluateExpression">
    <keyboard-shortcut first-keystroke="alt f8" />
    <keyboard-shortcut first-keystroke="meta alt s" />
  </action>
  <action id="ExternalSystem.RefreshAllProjects">
    <keyboard-shortcut first-keystroke="ctrl c" />
  </action>
  <action id="RunConfiguration">
    <keyboard-shortcut first-keystroke="shift meta 1" />
  </action>
  <action id="Scala.ShowImplicits">
    <keyboard-shortcut first-keystroke="shift ctrl alt equals" />
    <keyboard-shortcut first-keystroke="shift ctrl alt add" />
  </action>
  <action id="SelectInProjectView">
    <keyboard-shortcut first-keystroke="ctrl meta z" />
  </action>
  <action id="ToggleLineBreakpoint">
    <keyboard-shortcut first-keystroke="meta f8" />
    <keyboard-shortcut first-keystroke="shift meta 0" />
  </action>
</keymap>